{
 "alpha": 18.229747772216797,
 "beta": 0.4190619885921478,
 "num_iter": 1000,
 "eta": 0.2,
 "alpha_fm": 18.332393646240234,
 "beta_fm": 0.3622641861438751
}